﻿Spotify URI,Track Name,Artist Name,Album Name,Disc Number,Track Number,Track Duration (ms),Added By,Added At
"spotify:track:38rMZCtAPuRgOuV3pyFDmF","Hydrogen","M|O|O|N","Moon - EP","1","3","289523","spotify:user:1224606294","2013-09-27T04:26:00Z"
"spotify:track:4PbZ1dClx4HnT67mPcbyXz","Paris","M|O|O|N","Moon - EP","1","1","271200","spotify:user:1224606294","2013-09-27T04:26:00Z"
"spotify:track:5isHndEunT9J7bv4Mz9jgs","Crystals","M|O|O|N","Moon - EP","1","2","289714","spotify:user:1224606294","2013-09-27T04:26:00Z"
"spotify:track:2rYZETHlA6JTDbbkAWj9jD","Horse Steppin’","Sun Araw","Beach Head","1","2","628146","spotify:user:1224606294","2013-09-27T04:26:00Z"
"spotify:track:6rne7RR7YOkAuRYeNP9GQT","Deep Cover","Sun Araw","On Patrol","1","5","482933","spotify:user:1224606294","2013-09-27T04:26:00Z"
"spotify:track:2vRSzbCIMogeAoCmleuCIy","Release","M|O|O|N","Moon - EP","1","4","362222","spotify:user:1224606294","2013-09-27T04:26:00Z"
"spotify:track:17LeSvSYhbR7ZT3xgkeGGD","Faces","Electric Youth","Valerie And Friends","1","7","251133","spotify:user:1224606294","2013-09-27T04:26:00Z"
"spotify:track:3QtDwzsHJayeFRH0mON2Qg","84' Dreamin","Com Truise","In Decay","1","2","220000","spotify:user:1224606294","2013-09-27T04:26:00Z"
"spotify:track:46A9awz7xtpDGNeNtaqWMh","The scarlett empress","College","Teenage color Ep","1","5","86773","spotify:user:1224606294","2013-09-27T04:26:00Z"
"spotify:track:77zz8fPUkrXjqK5sFyoHhm","Under Your Spell","Desire","II","1","5","296400","spotify:user:1224606294","2013-09-27T04:26:00Z"
"spotify:track:3SL3UavpjRKNMM9UVlE9Bx","Encom Part 2 - Remixed by Com Truise","Daft Punk, Com Truise","TRON: Legacy Reconfigured","1","10","292093","spotify:user:1224606294","2013-09-27T04:26:00Z"
"spotify:track:6nOUMo8j6B9Pp3nh8G9Dk0","Alfa Beach","Com Truise","In Decay","1","6","256000","spotify:user:1224606294","2013-09-27T04:26:00Z"
"spotify:track:3uHcsNvSUp4NjVSni0ptjO","Space Dust (Bonus Track)","Com Truise","Cyanide Sisters EP (Bonus Track Version)","1","10","205794","spotify:user:1224606294","2013-09-27T04:26:00Z"
"spotify:track:0mR5Cs2UfiLPF3LXjZTzky","Flightwave","Com Truise","Galactic Melt","1","5","304533","spotify:user:1224606294","2013-09-27T04:26:00Z"
"spotify:track:4t8W4JECLRWp1esQXCfDWc","Closed","Com Truise","In Decay","1","13","184000","spotify:user:1224606294","2013-09-27T04:26:00Z"
"spotify:track:07ZpxrQRy1CefYcDoX4pH3","Open","Com Truise","In Decay","1","1","252000","spotify:user:1224606294","2013-09-27T04:26:00Z"
"spotify:track:4aBk7kngzk4G3vJEBKBMoC","Blizzard","Light Club","Feeelings","1","4","190250","spotify:user:1224606294","2013-09-27T04:26:00Z"
"spotify:track:1hGRe4d3LJCg1VszAU8Cy1","Daisuke","El Huervo","Do Not Lay Waste To Homes...","1","3","161932","spotify:user:1224606294","2013-09-27T04:26:00Z"
"spotify:track:3p8GZk4Lcc02CJSSo9q1WV","Overdrive","Lazerhawk","Redline","1","2","271415","spotify:user:1224606294","2013-09-27T04:26:00Z"
"spotify:track:6uPigfYyqYrLvIgxbcJkcU","Electric Groove","Lazerhawk","Redline","1","3","290402","spotify:user:1224606294","2013-09-27T04:26:00Z"
"spotify:track:0geHO06wzs823qhFfJ2xMS","So Far Away","Lazerhawk","Visitors","1","9","282022","spotify:user:1224606294","2013-09-27T04:26:00Z"
"spotify:track:1yGc3DpUU57Hu9xJstb9Br","Dreambender","Com Truise","In Decay","1","3","260000","spotify:user:1224606294","2013-09-27T04:26:00Z"
"spotify:track:37EQA0kVvBeapSntcWLZr8","Star Hustler","Lazerhawk","Visitors","1","12","283958","spotify:user:1224606294","2013-09-27T04:26:00Z"
"spotify:track:2HDQ9trkexhguixRU4RtWR","Shoulder of Orion","Lazerhawk","Visitors","1","8","302707","spotify:user:1224606294","2013-09-27T04:26:00Z"
"spotify:track:6zpNN5mO5YjFy25JgEvGqR","Visitors","Lazerhawk","Visitors","1","2","259479","spotify:user:1224606294","2013-09-27T04:26:00Z"
"spotify:track:123TlOQ6qCMY2mNJgezk19","Yesterday","FM Attack","Dreamatic","1","5","297099","spotify:user:1224606294","2013-09-27T04:26:00Z"
"spotify:track:6lhQOGlAtb5NhWNqWmxEWI","Beams","Tape","Luminarium","1","1","234800","spotify:user:1224606294","2013-09-27T04:26:00Z"
"spotify:track:5UFXAE1QXIGnmALcrQ4DgZ","Dust","M|O|O|N","Particles","1","1","302400","spotify:user:1224606294","2013-09-27T04:26:00Z"
"spotify:track:52jLJcez4Oa9VTtA9OkSEN","Plus Four","M|O|O|N","Particles","1","2","477966","spotify:user:1224606294","2013-09-27T04:26:00Z"
"spotify:track:2tAkIUHzIfJCvcaA5JAaxj","Warehouse (feat. Glass Teeth)","M|O|O|N","Particles","1","3","224878","spotify:user:1224606294","2013-09-27T04:26:00Z"
"spotify:track:2dJL3zOLv35rwZnVArFJA1","Delay","M|O|O|N","Particles","1","4","496462","spotify:user:1224606294","2013-09-27T04:26:00Z"
"spotify:track:4Jh1HeWZRqvGldY7Ss1e3y","Follow Me","M|O|O|N","Day / Night","1","1","253636","spotify:user:1224606294","2013-09-27T04:26:00Z"
"spotify:track:1NxhgF5Fsb72lmBx1qGasR","Certainty","M|O|O|N","Day / Night","1","2","250909","spotify:user:1224606294","2013-09-27T04:26:00Z"
"spotify:track:2ciumJpDq8qGgbchpzU6ZC","Case Logic","M|O|O|N","Day / Night","1","3","331124","spotify:user:1224606294","2013-09-27T04:26:00Z"
"spotify:track:4eiTSqoxOWExDu57OSQWgr","Roller Mobster","Carpenter Brut","Trilogy","1","7","214351","spotify:user:1224606294","2015-11-10T06:54:44Z"
"spotify:track:2pY8Z7nSD0HzQtpawLWC7I","Roller Mobster","Carpenter Brut","EP II","1","1","214351","spotify:user:1224606294","2015-11-10T06:56:27Z"
"spotify:track:07O9q2uT9soqBbkBIf28Ig","Le Perv","Carpenter Brut","EP I","1","6","256000","spotify:user:1224606294","2015-11-10T06:56:27Z"
"spotify:track:2jJIxT6WAIVWzDo3Ou53Q0","Pursuit","Gesaffelstein","Aleph","1","2","247603","spotify:user:1224606294","2015-11-10T06:56:27Z"
"spotify:track:292l5vdcXaDA8hvGvS0dS0","She Meditates","Light Club","Feeelings","1","12","139984","spotify:user:1224606294","2015-11-10T06:56:27Z"
"spotify:track:2VdTTgkUBf0pEClsPnRzBG","Fahkeet","Light Club","Black and Gold","1","1","172894","spotify:user:1224606294","2015-11-10T06:56:27Z"
"spotify:track:5cZva2sFzjPzbSs0x0FVXP","Quixotic","M|O|O|N","Quixotic","1","1","345762","spotify:user:1224606294","2015-11-10T06:56:27Z"
"spotify:track:6g0jQm0R5Ztlfj8oeGCDOt","Slum Lord","Mega Drive","198XAD","1","12","300128","spotify:user:1224606294","2015-11-10T06:56:27Z"
"spotify:track:1Cl7VUhNjgZOeQkZrizJlB","NARC","Mega Drive","198XAD","1","3","283572","spotify:user:1224606294","2015-11-10T06:56:27Z"
"spotify:track:5mpiScA2oLJbnDKb9hR9Ai","Acid Spit","Mega Drive","198XAD","1","2","281342","spotify:user:1224606294","2015-11-10T06:56:27Z"
"spotify:track:20ztml2STRF7Sq1UaBB6ox","Future Club","Perturbator","Dangerous Days","1","4","289186","spotify:user:1224606294","2015-11-10T06:56:27Z"
"spotify:track:4mbYAXxvtRHjLZT92MTT8k","Sexualizer (feat. Flash Arnold)","Perturbator, Flash Arnold","Sexualizer EP","1","2","298710","spotify:user:1224606294","2015-11-10T06:56:27Z"
"spotify:track:2sKCopgrCB5zxQXswBFSxS","Hollywood Heights","Mitch Murder","Burning Chrome","1","7","188142","spotify:user:1224606294","2015-11-10T06:56:27Z"
"spotify:track:5lwwvBCUABdNcrIVYn6E15","Remorse","Scattle","Visitors","1","5","213562","spotify:user:1224606294","2015-11-10T06:56:27Z"
"spotify:track:6otIc0oVvatI8rNxLUNS05","Lady","Chromatics","In The City","1","5","187573","spotify:user:1224606294","2015-11-10T06:56:27Z"
"spotify:track:5QyvmZYiOuK0saTv6J77Yg","Miami Disco","Perturbator","Sexualizer EP","1","4","271046","spotify:user:1224606294","2015-11-10T06:56:27Z"
"spotify:track:2bHpNAMEsB3Wc00y87JTdn","In The Face Of Evil","Magic Sword","Volume 1","1","5","409000","spotify:user:1224606294","2015-11-10T06:56:27Z"
"spotify:track:5VTZMdDdOAGa5IUMH2RMzu","Walking","Modulogeek","Walking Around Aimlessly","1","1","245772","spotify:user:1224606294","2015-11-10T06:56:27Z"
"spotify:track:2QysM4RXnc8NtIj3PIasra","Around","Modulogeek","Walking Around Aimlessly","1","2","172566","spotify:user:1224606294","2015-11-10T06:56:27Z"
"spotify:track:1pbIAfc8ArpZeVWokllVGk","Aimlessly","Modulogeek","Walking Around Aimlessly","1","3","282543","spotify:user:1224606294","2015-11-10T06:56:27Z"
"spotify:track:6NCM7ADhVKOo2tT84p60hP","Bloodline","Scattle","Visitors","1","3","191989","spotify:user:1224606294","2015-11-10T06:56:27Z"
"spotify:track:1FRa5OZa3IJG6TCOH9es2t","Escape from Midwich Valley","Carpenter Brut","Trilogy","1","1","403679","spotify:user:1224606294","2015-11-10T06:56:27Z"
"spotify:track:5T7msZdVtvmVn6wVkbBJa5","The Way Home","Magic Sword","Volume 1","1","3","255000","spotify:user:1224606294","2015-11-10T06:56:27Z"
"spotify:track:5RH1TvXCPnk8z10KbKCzmW","Expanses 2","The Green Kingdom","Expanses","1","2","345642","spotify:user:1224606294","2015-11-10T06:56:27Z"
"spotify:track:3H9QnhUFdJaKr6TFCfipwO","You Are The Blood","Castanets","Cathedral","1","4","249160","spotify:user:1224606294","2015-11-10T06:56:27Z"
"spotify:track:0Qrso3yXM7oHIMHwmNMepN","Technoir (feat. Noir Deco)","Perturbator, Noir Deco","I Am the Night","1","7","279227","spotify:user:1224606294","2015-11-10T06:56:27Z"
"spotify:track:6i8DsFhu3WY3Xv8BQJcklS","Hotline Miami Theme","Benny Smiles","Hotline Miami 2 EP","1","1","219378","spotify:user:1224606294","2015-11-10T06:56:27Z"
"spotify:track:3xG7c1i87m8DIIOxyGzh2e","Frantic Aerobics","Mitch Murder","Current Events","1","2","227532","spotify:user:1224606294","2015-11-10T06:56:27Z"
"spotify:track:63AYMkPl6rRn9m9NuUMrxI","Run","IAMTHEKIDYOUKNOWWHATIMEAN","S/T EP","1","4","457741","spotify:user:1224606294","2015-11-10T06:56:27Z"
"spotify:track:778628luyotukb2W0f0hQL","Welcome Back","Perturbator","Dangerous Days","1","1","130893","spotify:user:1224606294","2015-11-10T06:56:27Z"
"spotify:track:6qr3fdpxkIneFHMS5DXKxR","Chamber of Reflections","Sjellos","Transmission Lost","1","2","191765","spotify:user:1224606294","2015-11-10T06:56:27Z"
"spotify:track:0nELKiDHUV4s9JqvwJVA4F","Simma hem","Riddarna","Under jorden","1","4","240696","spotify:user:1224606294","2015-11-10T06:56:27Z"
"spotify:track:2uA9EGy7KifPvk2F342IvR","Rust","El Huervo","Rust B/W Ghost","1","1","297473","spotify:user:1224606294","2015-11-10T06:56:27Z"
"spotify:track:3KbcoS34yJWwEun5syaD3b","Ghost","El Huervo","Rust B/W Ghost","1","2","215250","spotify:user:1224606294","2015-11-10T06:56:27Z"
"spotify:track:6zEGOVxDlKdv7kauGS20X8","Miami - Original Mix","Jasper Byrne","Hotline Miami EP","1","1","271384","spotify:user:1224606294","2016-08-29T02:25:20Z"
"spotify:track:22VoYx9y3MTOVC71iYtbCM","Hotline - Original Mix","Jasper Byrne","Hotline Miami EP","1","2","210461","spotify:user:1224606294","2016-08-29T02:25:20Z"
"spotify:track:1bweOqaO6SIGRRMupc7zMm","Voyager - Original Mix","Jasper Byrne","Hotline Miami EP","1","3","214153","spotify:user:1224606294","2016-08-29T02:25:20Z"
"spotify:track:2u3XaqJpeMtkGU4e6q9kYN","Hotline - Analogue Mix","Jasper Byrne","Hotline Miami EP","1","4","210461","spotify:user:1224606294","2016-08-29T02:25:20Z"
